Days,Risktest
0,0.0111
1,0.011099778
2,0.011034055
3,0.010542652
4,0.002879036
5,0.002174058
6,0.001900461
7,0.001689691
8,0.0015357
9,0.001423318
10,0.001333107
11,0.001262708
12,0.001198374
13,0.001132058
14,0.001057433
15,0.000981557
16,0.000904009
17,0.000826074
18,0.000764542
19,0.000693172
20,0.0006269
21,0.000578859
22,0.000533875
23,0.000497986
24,0.000451115
25,0.00040711
26,0.000358118
27,0.000311855
28,0.000272795
