Days,Risktest
0,0.0139
1,0.013899722
2,0.01381742
3,0.01320206
4,0.003611399
5,0.003172216
6,0.002770425
7,0.002461408
8,0.002235915
9,0.0020715
10,0.001939613
11,0.001836747
12,0.001742785
13,0.001645971
14,0.001537081
15,0.001426421
16,0.001313381
17,0.001199837
18,0.001110233
19,0.001006349
20,0.00090993
21,0.000840063
22,0.000774663
23,0.0007225
24,0.000654394
25,0.000590472
26,0.000519328
27,0.000452167
28,0.000395482
