Days,Risktest
0,0.0143
1,0.014299714
2,0.014215044
3,0.013581976
4,0.003716225
5,0.003264199
6,0.00285068
7,0.002532658
8,0.002300603
9,0.002131408
10,0.001995689
11,0.001889836
12,0.001793147
13,0.001693525
14,0.001581476
15,0.001467609
16,0.001351295
17,0.001234464
18,0.001142267
19,0.001035379
20,0.000936172
21,0.000864286
22,0.000796997
23,0.000743327
24,0.000673255
25,0.000607488
26,0.000534291
27,0.000465193
28,0.000406873
