Days,Risktest
0,0.0111
1,0.011099623
2,0.010987893
3,0.010152509
4,2.83E-05
5,1.65E-05
6,1.22E-05
7,9.16E-06
8,7.10E-06
9,5.76E-06
10,4.87E-06
11,4.29E-06
12,3.88E-06
13,2.72E-06
14,1.90E-06
15,1.24E-06
16,7.77E-07
17,4.78E-07
18,2.91E-07
19,1.77E-07
20,1.08E-07
21,6.66E-08
22,1.62E-05
23,1.01E-05
24,6.32E-06
25,3.93E-06
26,8.22E-09
27,1.58E-06
28,1.01E-06
