Days,Risktest
0,0.0505
1,0.05049899
2,0.05019998
3,0.047964319
4,0.013418273
5,0.011754042
6,0.010239502
7,0.009079835
8,0.008236433
9,0.007622973
10,0.007131784
11,0.006749236
12,0.006400231
13,0.006041059
14,0.005637597
15,0.005228138
16,0.004810452
17,0.004391492
18,0.004061282
19,0.003678906
20,0.003324447
21,0.003067862
22,0.002827883
23,0.002636613
24,0.002387071
25,0.002153051
26,0.001892806
27,0.001647342
28,0.001440322
