Days,Risktest
0,0.0111
1,0.011099778
2,0.011034055
3,0.010542652
4,0.002879036
5,0.002529437
6,0.002209477
7,0.001963313
8,0.00178364
9,0.001652611
10,0.001547489
11,0.001465489
12,0.001390581
13,0.001313393
14,0.001226567
15,0.001138321
16,0.001048168
17,0.000957603
18,0.000886126
19,0.000803251
20,0.000726324
21,0.000670577
22,0.000618391
23,0.000576764
24,0.000522413
25,0.000471397
26,0.000414614
27,3.61E-04
28,3.16E-04
