Days,Risktest
0,0.010974832
1,0.010974481
2,0.01087051
3,0.010093132
4,2.81E-05
5,1.71E-05
6,1.31E-05
7,1.02E-05
8,8.20E-06
9,6.90E-06
10,6.02E-06
11,5.43E-06
12,4.98E-06
13,3.52E-06
14,2.46E-06
15,1.60E-06
16,1.01E-06
17,6.20E-07
18,3.78E-07
19,2.29E-07
20,1.39E-07
21,8.58E-08
22,2.08E-05
23,1.28E-05
24,8.05E-06
25,4.99E-06
26,3.13E-06
27,1.99E-06
28,1.28E-06
