Days,Risktest
0,0.003
1,0.00299994
2,0.002982177
3,0.002849366
4,0.000774322
5,0.0006807
6,0.000594918
7,0.000528857
8,0.000480605
9,0.000445398
10,0.000417141
11,0.000395092
12,0.000374945
13,0.000354179
14,0.000330814
15,0.000307059
16,0.000282784
17,0.00025839
18,0.000239133
19,0.000216798
20,0.000196061
21,0.00018103
22,0.000166957
23,0.000155729
24,0.000141067
25,0.000127302
26,0.000111979
27,9.75094E-05
28,8.5294E-05
