Days,Risktest
0,0.011051973
1,0.01105162
2,0.010946918
3,0.010164075
4,2.85E-05
5,1.74E-05
6,1.33E-05
7,1.03E-05
8,8.32E-06
9,7.00E-06
10,6.10E-06
11,5.50E-06
12,5.05E-06
13,3.56E-06
14,2.49E-06
15,1.63E-06
16,1.02E-06
17,6.29E-07
18,3.83E-07
19,2.32E-07
20,1.41E-07
21,8.70E-08
22,2.09E-05
23,1.29E-05
24,8.11E-06
25,5.03E-06
26,3.15E-06
27,2.00E-06
28,1.29E-06
